<?xml version="1.0" encoding="UTF-8"?>
<!DOCTYPE mapper
	 PUBLIC "-//mybatis.org//DTD Mapper 3.0//EN" "http://mybatis.org/dtd/mybatis-3-mapper.dtd">

<!-- namespace="com.spring.mapper.MemberMapper는 
	 MemberMapper인퍼페이스(MemberMapper.class)의 이름을 사용한다. -->
<!-- root-context에서 아래와 같이 typeAliasesPackage를 설정하면 패키지 경로 생략 가능. -->
<mapper namespace="com.spring.mapper.MemberMapper">

	<resultMap type="MemberVO" id="memberResultMap">
		<result property="id" column="id" />
		<result property="password" column="password" />
		<result property="name" column="name" />
		<result property="age" column="age" />
		<result property="gender" column="gender" />
		<result property="email" column="email" />
	</resultMap>

	<!-- id는 Mapper.java(여기선 MemberMapper.java)에 동일하게 사용해야된다. -->  
	<select id="getMemberlist" resultMap="memberResultMap">
		SELECT * FROM smember order by id
	</select>
	
	<insert id="insertMember" parameterType="MemberVO" >
		INSERT INTO smember VALUES 
			(#{id},#{password},#{name},#{age},#{gender},#{email})
	</insert>

	<select id="selectMember" parameterType="MemberVO" resultMap="memberResultMap">
		select * from smember where id = #{id}
	</select>
	
	<select id="userCheck" parameterType="MemberVO" resultType="int">
		select count(*) from smember where id = #{id} and password = #{password}
	</select>
	
	<delete id="deleteMember" parameterType="MemberVO">
		DELETE FROM smember WHERE id=#{id}
	</delete>
</mapper>