<?xml version="1.0" encoding="UTF-8"?>
<!DOCTYPE mapper
	 PUBLIC "-//mybatis.org//DTD Mapper 3.0//EN" "http://mybatis.org/dtd/mybatis-3-mapper.dtd">
	 
<mapper namespace="com.spring.pjt.dao.memberDao">
	<resultMap type="memberDto" id="memberResultMap">
		<result property ="mId" column="Id"/>
		<result property ="mPw" column="Pw"/>
		<result property ="mName" column="Name"/>
		<result property ="mTel" column="Tel"/>
		<result property ="mMail" column="Mail"/>
		<result property ="mBloodType" column="BloodType"/>				
	</resultMap>
	
	<select id ="selecMemberGroup" resultMap="memberResultMap">
	 	SELECT * FROM mvc_member 
	</select>
	
	<select id="selectMemberbyId" parameterType="memberDto" resultMap="memberResultMap">
		SELECT * FROM mvc_member WHERE id = #{id}
	</select>
	
	<insert id="insertMember" parameterType="memberDto">
		INSERT INTO mvc_member VALUES (#{mId}, #{mPw}, #{mName), #{mTel}, #{mBloodType})
	</insert>
	
	<update id="updateMember" parameterType="memberDto" >
		UPDATE mvc_member SET Pw = #{mPw}, Name = #{mName), Tel = #{mTel}, BloodType = #{mBloodType}
		WHERE Id = #{mId} 
	</update>
	
	<delete id="deleteMember" parameterType="memberDto" >
		DELETE FROM mvc_member WHERE Id = #{mId}
	</delete>
	
	<select id="userCheck" parameterType="memberDto" resultType="int">
		SELECT * FROM mvc_member WHERE Id = #{mId} and Pw = #{mPw}
	</select>
</mapper>
